<?xml version="1.0" encoding="UTF-8"?>
<beans xmlns="http://www.springframework.org/schema/beans"
	xmlns:xsi="http://www.w3.org/2001/XMLSchema-instance"
	xmlns:mvc="http://www.springframework.org/schema/mvc"
	xmlns:context="http://www.springframework.org/schema/context"
	xmlns:tx="http://www.springframework.org/schema/tx"
	xmlns:p="http://www.springframework.org/schema/p"
	xsi:schemaLocation="http://www.springframework.org/schema/mvc http://www.springframework.org/schema/mvc/spring-mvc-4.3.xsd
		http://www.springframework.org/schema/beans http://www.springframework.org/schema/beans/spring-beans.xsd
		http://www.springframework.org/schema/context http://www.springframework.org/schema/context/spring-context-4.3.xsd
		http://www.springframework.org/schema/tx http://www.springframework.org/schema/tx/spring-tx-4.3.xsd">
	
	
	<context:component-scan base-package="com.*" />

	<!-- 기본 설정 -->
	<mvc:annotation-driven />
	<mvc:default-servlet-handler />

	<!-- interceptor를 mvc를 활용해서 등록 -->
	 	 <mvc:interceptors>
		<mvc:interceptor>
			<mvc:mapping path="/*" />
			<mvc:exclude-mapping path="/houseOverview"/>
			<mvc:exclude-mapping path="/houseList"/>
			<mvc:exclude-mapping path="/houseFilter"/>
			<mvc:exclude-mapping path="/signMbrUI" />
			<mvc:exclude-mapping path="/signMbrUI**" />
			<mvc:exclude-mapping path="/signMbr" />
			<mvc:exclude-mapping path="/signMbr**" />
			<mvc:exclude-mapping path="/loginUI"/>
			<mvc:exclude-mapping path="/login"/>
			<mvc:exclude-mapping path="/naverSignin"/>
			<mvc:exclude-mapping path="/naverJumpPage"/>
			<mvc:exclude-mapping path="/postBoard"/>
			<mvc:exclude-mapping path="/idCheck"/>
			<mvc:exclude-mapping path="/ssnCheck"/>
			<mvc:exclude-mapping path="/phoneCheck"/>
			<mvc:exclude-mapping path="/checkNumber"/>
			<mvc:exclude-mapping path="/captcha"/>
			<mvc:exclude-mapping path="/checkResult"/>
			<mvc:exclude-mapping path="/anIdCheck"/>
			<mvc:exclude-mapping path="/react**"/>
			<mvc:exclude-mapping path="/"/>
			<!-- angualr로 cross browsing 처리 된 상태로 테스트하고 싶을때만 주석을 푼다.  -->
			<!-- <mvc:exclude-mapping path="/angular**"/> -->		
			<bean class="com.interceptor.LoginCheckInterceptor"/>
		</mvc:interceptor>
	</mvc:interceptors>  


	<!-- InternalViewResolver를 mvc를 활용해서 등록 -->
	<mvc:view-resolvers>
		<mvc:bean-name>
			<bean
				class="org.springframework.web.servlet.view.InternalResourceViewResolver" />
		</mvc:bean-name>
		<mvc:jsp prefix="/WEB-INF/views/" suffix=".jsp" />
	</mvc:view-resolvers>

	<!-- 정적파일 등록 -->
	<mvc:resources location="/WEB-INF/views/images/" mapping="/images/**"></mvc:resources>
	<mvc:resources location="/WEB-INF/views/js/" mapping="/js/**"></mvc:resources>
	<mvc:resources location="/WEB-INF/views/css/" mapping="/css/**"></mvc:resources>
	<!-- mapping에 있는 애를 사용하면 location 속성값에 정의된데서 사용하겠다는 뜻 -->

	<!-- 다이렉트 화면 -->
	<mvc:view-controller path="/" view-name="main" />
	<mvc:view-controller path="/naverJumpPage" view-name="naverJumpPage" />
	<mvc:view-controller path="/angular" view-name="index" />
	<mvc:view-controller path="/angular/*" view-name="index" />
	<mvc:view-controller path="/angular/*" view-name="index" />

	
	<!-- 로그인 화면 -->
	<mvc:view-controller path="/loginUI" view-name="loginForm" />

	<!-- 회원탈퇴 안내 화면 -->
	<mvc:view-controller path="/delMbrIdConfirm" view-name="delMbrIdConfirm" />
	
	<bean id="multipartResolver" class="org.springframework.web.multipart.commons.CommonsMultipartResolver">
	    <property name="maxUploadSize" value="-1"/>
	    <property name="defaultEncoding" value="UTF-8"/>
	</bean>
	
	<!-- 5. transaction 설정 -->
	<bean id="transactionManager" class="org.springframework.jdbc.datasource.DataSourceTransactionManager">
		<property name="dataSource" ref="myDataSource" />
	</bean>
	<tx:annotation-driven />

	
	
	
	<!-- mail -->
	<bean id="mailSender" class="org.springframework.mail.javamail.JavaMailSenderImpl"> 
		<property name="host" value="smtp.gmail.com" /> 
		<property name="port" value="587" /> 
		<property name="username" value="구글 아이디를 입력하세요." /> 
		<property name="password" value="비밀번호를 입력하세요." /> 
		<property name="javaMailProperties"> 
			<props> 
				<prop key="mail.smtp.auth">true</prop> 
				<prop key="mail.smtp.starttls.enable">true</prop> 
			</props> 
		</property> 
	</bean>
</beans>
