<?xml version="1.0" encoding="UTF-8" ?>
<!DOCTYPE mapper
PUBLIC "-//mybatis.org//DTD Mapper 3.0//EN"
"http://mybatis.org/dtd/mybatis-3-mapper.dtd">
<mapper namespace="BoardMapper">
	
	<!-- basic : hcode에 따른 보드가져오기 -->

	<select id="boardList" parameterType="string" resultType="BoardDTO">
		select pcode, TO_CHAR(pdate, 'YYYY.MM.DD HH:MI') pdate, ppwd, title, content, filename, hcode, userid
		from board
		where hcode = #{hcode}
	</select>
	
	<!-- basic : 보드 삭제 -->
	<delete id="deleteBoard" parameterType="string">
		delete 
		from board
		where pcode = #{pcode}
	</delete>
	
	<select id = "confUpBoard" parameterType="hashmap" resultType = "int">
		select count(*) from board
		where pcode = #{pcode}
		and ppwd = #{ppwd}
	</select>	
	
	<update id="updateBoard" parameterType="BoardDTO" >
 		update board
		set title = #{title}, content = #{content}, pdate = sysdate
		where pcode = #{pcode} 
	</update>
	
	<!-- Angualr 에이전트가 올린 매물에 대한 문의사항 모두 가져오기 -->
	<select id="agentHouseBoard" parameterType="string" resultType="hashmap">
		select hcode, to_char(pdate, 'yy-mm-dd') postdate, userid, title, content 
		from board join house_info using (hcode)
		where agntid = #{agntid}
	</select>
	
	
</mapper>